{"cameraMode":{"drawMode":0,"name":"Shaded","section":"Shading Mode"},"sceneLighting":true,"audioPlay":false,"sceneViewState":{"showFog":false,"showMaterialUpdate":false,"showSkybox":false,"showFlares":false,"showImageEffects":false,"showParticleSystems":false},"in2DMode":false,"pivot":{"x":5.811436176300049,"y":1.1766080856323243,"z":15.297743797302246},"rotation":{"x":0.045494552701711658,"y":0.954252302646637,"z":-0.19741348922252656,"w":0.21991102397441865},"size":6.201302528381348,"orthographic":false}